id,technician_id,client_id,equipo_id,estado_id,service_id,modelo,marca,serie,problema,foraneo,no_inventario,observaciones,fecha_compra,folio_compra,clave,fecha_reparado,fecha_entregado,garantia,key,,
1,10,6,8,1,5,MO45,CANON,23580718,NO ENCENDIÓ,0,NULL,NULL,NULL,NULL,NULL,NULL,NULL,0,4569-6,,
2,2,5694,7,3,64,MO46,TOSHIBA,23580718,DEJÓ DE FUNCIONAR,0,NULL,NULL,NULL,NULL,NULL,20/12/2021 12:10,NULL,0,5513-5694,,
3,8,5695,51,1,13,HP Notebook,HP,CND6171K2M,La computadora esta muy lenta,0,NULL,Solo Laptop,20/12/2021,NULL,NULL,NULL,NULL,0,9112-5695,,
4,9,96,49,1,4,NUEVO,HP,NUEVO,asdf,0,NULL,asrstgs,20/12/2021,NULL,NULL,NULL,NULL,0,2931-96,,
5,8,96,49,3,12,HP Notebook,HP,Nuevi,"Esta es una linea de texto para probar que pasa si se escribe una problema extenso en el cuadro de dialogo pequeño, veremos si es capaz de re acomodar los cuadros de dialogo o descuadrara el formato de la hoja, con esto finalizamos la prueba.",0,0,"Esta es una linea de texto para probar que pasa si se escribe una problema extenso en el cuadro de dialogo pequeño, veremos si es capaz de re acomodar los cuadros de dialogo o descuadrara el formato de la hoja, con esto finalizamos la prueba.",20/12/2021,NULL,NULL,20/12/2021 10:58,NULL,0,3259-96,,
6,13,2926,50,1,13,IDEACENTRE AIO310-20IAP,LENOVO,YJ007J3M,El equipo esta muy lento al encender,0,NULL,PC + eliminador de corriente,NULL,NULL,NULL,NULL,NULL,0,5491-2926,,
7,3,6,6,1,83,HP Notebook,ACER,QQ,ya no se encuentra... ya no se encuentra ... ya no se encuentra ya no se encuentra... ya no se encuentra ... ya no se encuentraya no se encuentra... ya no se encuentra ... ya no se encuentraya no se encuentra... ya no se encuentra ... ya no se encuentra,1,0,ya no se encuentra... ya no se encuentra ... ya no se encuentraya no se encuentra... ya no se encuentra ... ya no se encuentraya no se encuentra... ya no se encuentra ... ya no se encuentraya no se encuentra... ya no se encuentra ... ya no se encuentraya no se encuentra... ya no se encuentra ... ya no se encuentraya no se encuentra... ya no se encuentra ... ya no se encuentraya no se encuentra... ya no se encuentra ... ya no se encuentraya no se encuentra... ya no se encuentra ... ya no se encuentra,NULL,NULL,NULL,NULL,NULL,0,1889-6,,
8,3,5697,1,1,39,MO45,BROTHER,23580718,ya no arranca... ya no arranca... ya no arranca... ya no arranca... ya no arranca...ya no arranca...ya no arranca...ya no arranca...ya no arranca...ya no arranca...ya no arranca...ya no arranca...ya no arranca... FIN,0,0,ya no arranca... ya no arranca... ya no arranca... ya no arranca... ya no arranca...ya no arranca...ya no arranca...ya no arranca...ya no arranca...ya no arranca...ya no arranca...ya no arranca...ya no arranca... FIN,NULL,NULL,NULL,NULL,NULL,0,3911-5697,,
9,8,96,52,1,22,HP Notebook,KYOCERA,CND6171K2M,asdasd,0,NULL,asdasd,NULL,NULL,na,NULL,NULL,0,2449-96,,
10,8,96,51,1,20,na-4754,HP,sn27iej6,No enciende le callo agua,0,NULL,laptop y eliminador de corriente,NULL,NULL,hp2154,NULL,NULL,0,7864-96,,
11,12,5698,27,4,28,l5190,EPSON,x5nq074314,reseteo de contador de almohadillas. y chequeo,0,NULL,solo impresora,NULL,NULL,NULL,05/01/2022 10:47,05/01/2022 18:02,0,2465-5698,,
12,12,5699,27,4,28,l555,EPSON,S4VY179855,RESETEO DE IMPRESORA,0,NULL,SOLO IMPRESORA,NULL,NULL,NULL,06/01/2022 09:23,06/01/2022 11:38,0,3835-5699,,
13,12,5700,27,4,28,l5190,EPSON,s/n,atasco de papel,0,NULL,NULL,NULL,NULL,NULL,06/01/2022 11:44,06/01/2022 11:44,0,3097-5700,,
14,8,354,51,4,1,14-ck0014la,HP,5cg82016sd,Instalar SO Windows 10 Con Paqueteria Y Antivirus,0,NULL,Laptop y adaptador de corriente. Bateria indica detalles.,NULL,NULL,NULL,07/01/2022 11:31,07/01/2022 11:31,0,1678-354,,
15,8,4866,53,1,52,PT-LB330,OTRAS,BZ4350216,"Enciende y trabaja, detalle la imagen se ve amarillenta q se solucione para q se vea mas claro",0,NULL,Solo proyector,NULL,NULL,NULL,NULL,NULL,0,4957-4866,,
16,8,5701,51,1,1,HP PAVILION DV2000,HP,2CE7042MCN,"Formateo sin respaldo W8, paquetería y antivirus",0,NULL,Laptop y eliminador de corriente,NULL,NULL,NULL,NULL,NULL,0,1279-5701,,
17,13,5702,51,4,1,15AC136LA,HP,CND5523LPQ,Formateo de equipo,0,NULL,La pantalla presenta algunos detalles,NULL,NULL,NULL,NULL,12/01/2022 13:30,0,7529-5702,,
18,13,396,18,4,13,NA,OTRAS,NA,El pc se apaga despues de un tiempo de estar trabajando,0,NULL,Teclado + mouse,NULL,NULL,NULL,11/01/2022 15:45,11/01/2022 16:59,0,5099-396,,
19,13,2681,51,4,1,Aspire E3-112,ACER,52001628576,Reinstalacion de SO Y Paqueteria.,0,NULL,Laptop Y Adaptador de Corriente.,NULL,NULL,NULL,10/01/2022 10:50,13/01/2022 10:00,0,4116-2681,,
20,8,5703,51,1,13,hpx360,HP,cnd7175f2m,Tiene la pantalla rota y presenta errores en el touch,0,NULL,Laptop + cargador,NULL,NULL,abc,NULL,NULL,0,4183-5703,,
21,12,3184,27,4,28,l120,EPSON,TNUK003004,EL CLIENTE CONETA QUE LE MARCA UN ERROR A LA HORA DE IMPRIMIR (NO DEJA IMPRIMIR),0,NULL,SOLO IMPRESORA,NULL,NULL,NULL,14/01/2022 11:48,14/01/2022 14:27,0,2354-3184,,
22,8,5001,51,4,3,F515J,ASUS,M2N0CX05R82106F,Paquetería y antivirus con licencia,0,NULL,Laptop y adaptador de corriente,NULL,NULL,NULL,11/01/2022 14:05,11/01/2022 14:05,0,9934-5001,,
23,8,377,51,4,13,14-cm0005la,HP,5cg82615ls,"No carga el sistema, se pone la contraseña del equipo se pone pantalla negra y no entra al sistema.",0,NULL,Laptop y adaptador de corriente,NULL,NULL,NULL,13/01/2022 16:56,13/01/2022 16:56,0,3164-377,,
24,13,96,18,1,13,NA,OTRAS,NA,NA,0,0,NA,1111-11-11,12,NA,NULL,NULL,1,8443-96,,
25,8,5704,51,4,13,14-DK1013LA,HP,5CG1028SG4,Esta demasiado lenta.,0,NULL,LAPTOP Y AC Adapter.,NULL,NULL,NULL,14/01/2022 16:50,15/01/2022 10:24,0,8660-5704,,
26,12,4864,27,4,28,L375,EPSON,WBGK153655,"LIMPIEZA Y CHECAR ALMOADILLAS, COMENTA QUE AVECES LE MARCA ERROR EN LOS LED Y AL APAGARLA Y ENCENDERLA FUNCIONA NORMAL.",0,NULL,SOLO IMPRESORA,NULL,NULL,NULL,13/01/2022 12:21,14/01/2022 17:09,0,1289-4864,,
27,13,2681,50,3,13,21-B0011LA,HP,1CZ12104SX,"El equipo esta lento se le probara ampliar memoria RAM, instalación de paquetería y antivirus con licencia.",0,NULL,PC todo en uno y Adaptador de corriente,NULL,NULL,NULL,14/01/2022 13:15,NULL,0,2888-2681,,
28,8,5177,51,4,3,Lenovo Yoga 211,LENOVO,YB04283824,Licencia de antivirus,0,NULL,Laptop,NULL,NULL,NULL,13/01/2022 14:28,13/01/2022 14:28,0,2676-5177,,
29,11,1079,21,1,56,MSDV-2130-08+,OTRAS,M173511281132,"No se podían ver las cámaras en el monitor, el monitor no enciende, se intentara repararlo.",0,NULL,"se trajo monitor, DVR, 2 Eliminadores,cable VGA, cable de corriente.",NULL,NULL,NULL,NULL,NULL,0,4369-1079,,
30,8,5706,51,1,1,240 G6,HP,5CD8415XG0,Se reinstalara SO Y Paquetería. Sin Respaldo.,0,NULL,Solo Laptop.,NULL,NULL,NULL,NULL,NULL,0,7842-5706,,
31,8,997,51,1,2,ideapad 3 14igl05,LENOVO,pf33p2ac,Se reinstalara SO. Sin Respaldo.,0,NULL,Laptop Y Adaptador de Corriente.,NULL,NULL,NULL,NULL,NULL,0,5678-997,,
32,8,997,51,4,2,ideapad 3 14igl05,LENOVO,pf33p2ac,Se reinstalara SO. Sin Respaldo.,0,NULL,Laptop Y Adaptador de Corriente.,NULL,NULL,NULL,14/01/2022 15:38,14/01/2022 16:40,0,5999-997,,
